PANGAEA sample id	BioSamples_ID	ENA_ID	MetaG/MetaT	Sample_name	New_name	Station	Layer_from_new_name	Size_fraction	Size_fraction_name	Used_in_OM-RGC.v1 (Sunagawa_et_al_2015)	Used_for_OM-RGC.v2 (current work)	Used_for_profiling (current work)	Polar
TARA_Y100000004	SAMEA2619888	ERS488658	MetaG	TARA_034_SRF_0.1-0.22	TARA_034_SRF_0.1-0.22	34	SRF	0.1-0.22	Girus/Prokaryote enriched	Yes	Yes	No	No
TARA_Y100000015	SAMEA2619935	ERS488722	MetaG	TARA_036_SRF_0.1-0.22	TARA_036_SRF_0.1-0.22	36	SRF	0.1-0.22	Girus/Prokaryote enriched	Yes	Yes	No	No
TARA_Y100000310	SAMEA2619974	ERS488773	MetaG	TARA_037_MES_0.1-0.22	TARA_037_MES_0.1-0.22	37	MES	0.1-0.22	Girus/Prokaryote enriched	Yes	Yes	No	No
TARA_Y100000289	SAMEA2620004	ERS488803	MetaG	TARA_038_SRF_0.1-0.22	TARA_038_SRF_0.1-0.22	38	SRF	0.1-0.22	Girus/Prokaryote enriched	Yes	Yes	No	No
TARA_Y100000296	SAMEA2620039	ERS488853	MetaG	TARA_038_MES_0.1-0.22	TARA_038_MES_0.1-0.22	38	MES	0.1-0.22	Girus/Prokaryote enriched	Yes	Yes	No	No
TARA_Y100000033	SAMEA2620065	ERS488879	MetaG	TARA_039_SRF_0.1-0.22	TARA_039_SRF_0.1-0.22	39	SRF	0.1-0.22	Girus/Prokaryote enriched	Yes	Yes	No	No
TARA_Y100000034	SAMEA2620106	ERS488945	MetaG	TARA_039_MES_0.1-0.22	TARA_039_MES_0.1-0.22	39	MES	0.1-0.22	Girus/Prokaryote enriched	Yes	Yes	No	No
TARA_Y100000052	SAMEA2620198	ERS489047	MetaG	TARA_041_SRF_0.1-0.22	TARA_041_SRF_0.1-0.22	41	SRF	0.1-0.22	Girus/Prokaryote enriched	Yes	Yes	No	No
TARA_Y100000114	SAMEA2620413	ERS489324	MetaG	TARA_048_SRF_0.1-0.22	TARA_048_SRF_0.1-0.22	48	SRF	0.1-0.22	Girus/Prokaryote enriched	Yes	Yes	No	No
TARA_Y100000401	SAMEA2620836	ERS490010	MetaG	TARA_064_DCM_0.1-0.22	TARA_064_DCM_0.1-0.22	64	DCM	0.1-0.22	Girus/Prokaryote enriched	Yes	Yes	No	No
TARA_Y100000356	SAMEA2620861	ERS490035	MetaG	TARA_065_SRF_0.1-0.22	TARA_065_SRF_0.1-0.22	65	SRF	0.1-0.22	Girus/Prokaryote enriched	Yes	Yes	No	No
TARA_Y100000361	SAMEA2620894	ERS490089	MetaG	TARA_065_DCM_0.1-0.22	TARA_065_DCM_0.1-0.22	65	DCM	0.1-0.22	Girus/Prokaryote enriched	Yes	Yes	No	No
TARA_Y100000385	SAMEA2620980	ERS490193	MetaG	TARA_067_SRF_0.45-0.8	TARA_067_SRF_0.45-0.8	67	SRF	0.45-0.8	Girus/Prokaryote enriched	Yes	Yes	No	No
TARA_Y100000389	SAMEA2620979	ERS490192	MetaG	TARA_067_SRF_0.22-0.45	TARA_067_SRF_0.22-0.45	67	SRF	0.22-0.45	Girus/Prokaryote enriched	Yes	Yes	No	No
TARA_Y100000739	SAMEA2621021	ERS490273	MetaG	TARA_068_SRF_0.45-0.8	TARA_068_SRF_0.45-0.8	68	SRF	0.45-0.8	Girus/Prokaryote enriched	Yes	Yes	No	No
TARA_Y100000741	SAMEA2621020	ERS490272	MetaG	TARA_068_SRF_0.22-0.45	TARA_068_SRF_0.22-0.45	68	SRF	0.22-0.45	Girus/Prokaryote enriched	Yes	Yes	No	No
TARA_Y100000746	SAMEA2621045	ERS490304	MetaG	TARA_068_DCM_0.45-0.8	TARA_068_DCM_0.45-0.8	68	DCM	0.45-0.8	Girus/Prokaryote enriched	Yes	Yes	No	No
TARA_Y100000748	SAMEA2621044	ERS490303	MetaG	TARA_068_DCM_0.22-0.45	TARA_068_DCM_0.22-0.45	68	DCM	0.22-0.45	Girus/Prokaryote enriched	Yes	Yes	No	No
TARA_Y100000758	SAMEA2621003	ERS490238	MetaG	TARA_068_MES_0.45-0.8	TARA_068_MES_0.45-0.8	68	MES	0.45-0.8	Girus/Prokaryote enriched	Yes	Yes	No	No
TARA_Y100000766	SAMEA2621076	ERS490337	MetaG	TARA_070_SRF_0.45-0.8	TARA_070_SRF_0.45-0.8	70	SRF	0.45-0.8	Girus/Prokaryote enriched	Yes	Yes	No	No
TARA_Y100000768	SAMEA2621075	ERS490336	MetaG	TARA_070_SRF_0.22-0.45	TARA_070_SRF_0.22-0.45	70	SRF	0.22-0.45	Girus/Prokaryote enriched	Yes	Yes	No	No
TARA_Y100000780	SAMEA2621101	ERS490382	MetaG	TARA_070_MES_0.45-0.8	TARA_070_MES_0.45-0.8	70	MES	0.45-0.8	Girus/Prokaryote enriched	Yes	Yes	No	No
TARA_Y100000782	SAMEA2621099	ERS490380	MetaG	TARA_070_MES_0.22-0.45	TARA_070_MES_0.22-0.45	70	MES	0.22-0.45	Girus/Prokaryote enriched	Yes	Yes	No	No
TARA_Y100000813	SAMEA2621204	ERS490548	MetaG	TARA_076_SRF_0.45-0.8	TARA_076_SRF_0.45-0.8	76	SRF	0.45-0.8	Girus/Prokaryote enriched	Yes	Yes	No	No
TARA_Y100000814	SAMEA2621222	ERS490603	MetaG	TARA_076_DCM_0.45-0.8	TARA_076_DCM_0.45-0.8	76	DCM	0.45-0.8	Girus/Prokaryote enriched	Yes	Yes	No	No
TARA_Y100000815	SAMEA2621242	ERS490643	MetaG	TARA_076_MES_0.45-0.8	TARA_076_MES_0.45-0.8	76	MES	0.45-0.8	Girus/Prokaryote enriched	Yes	Yes	No	No
TARA_Y100000816	SAMEA2621203	ERS490547	MetaG	TARA_076_SRF_0.22-0.45	TARA_076_SRF_0.22-0.45	76	SRF	0.22-0.45	Girus/Prokaryote enriched	Yes	Yes	No	No
TARA_Y100000817	SAMEA2621221	ERS490602	MetaG	TARA_076_DCM_0.22-0.45	TARA_076_DCM_0.22-0.45	76	DCM	0.22-0.45	Girus/Prokaryote enriched	Yes	Yes	No	No
TARA_Y100000991	SAMEA2621260	ERS490665	MetaG	TARA_078_SRF_0.45-0.8	TARA_078_SRF_0.45-0.8	78	SRF	0.45-0.8	Girus/Prokaryote enriched	Yes	Yes	No	No
TARA_Y100000992	SAMEA2621259	ERS490664	MetaG	TARA_078_SRF_0.22-0.45	TARA_078_SRF_0.22-0.45	78	SRF	0.22-0.45	Girus/Prokaryote enriched	Yes	Yes	No	No
TARA_Y100000994	SAMEA2621278	ERS490697	MetaG	TARA_078_DCM_0.45-0.8	TARA_078_DCM_0.45-0.8	78	DCM	0.45-0.8	Girus/Prokaryote enriched	Yes	Yes	No	No
TARA_Y100000996	SAMEA2621277	ERS490696	MetaG	TARA_078_DCM_0.22-0.45	TARA_078_DCM_0.22-0.45	78	DCM	0.22-0.45	Girus/Prokaryote enriched	Yes	Yes	No	No
TARA_Y100001001	SAMEA2621295	ERS490722	MetaG	TARA_078_MES_0.45-0.8	TARA_078_MES_0.45-0.8	78	MES	0.45-0.8	Girus/Prokaryote enriched	Yes	Yes	No	No
TARA_Y100001947	SAMEA2622678	ERS492685	MetaG	TARA_122_MES_0.45-0.8	TARA_122_MES_0.45-0.8	122	MES	0.45-0.8	Girus/Prokaryote enriched	Yes	Yes	No	No
TARA_Y100001949	SAMEA2622677	ERS492684	MetaG	TARA_122_MES_0.22-0.45	TARA_122_MES_0.22-0.45	122	MES	0.22-0.45	Girus/Prokaryote enriched	Yes	Yes	No	No
TARA_Y100001951	SAMEA2622676	ERS492683	MetaG	TARA_122_MES_0.1-0.22	TARA_122_MES_0.1-0.22	122	MES	0.1-0.22	Girus/Prokaryote enriched	Yes	Yes	No	No
TARA_Y100001968	SAMEA2622696	ERS492705	MetaG	TARA_122_DCM_0.45-0.8	TARA_122_DCM_0.45-0.8	122	DCM	0.45-0.8	Girus/Prokaryote enriched	Yes	Yes	No	No
TARA_Y100001970	SAMEA2622695	ERS492704	MetaG	TARA_122_DCM_0.22-0.45	TARA_122_DCM_0.22-0.45	122	DCM	0.22-0.45	Girus/Prokaryote enriched	Yes	Yes	No	No
TARA_Y100001972	SAMEA2622656	ERS492646	MetaG	TARA_122_SRF_0.1-0.22	TARA_122_SRF_0.1-0.22	122	SRF	0.1-0.22	Girus/Prokaryote enriched	Yes	Yes	No	No
TARA_Y100001973	SAMEA2622694	ERS492703	MetaG	TARA_122_DCM_0.1-0.22	TARA_122_DCM_0.1-0.22	122	DCM	0.1-0.22	Girus/Prokaryote enriched	Yes	Yes	No	No
TARA_Y100001978	SAMEA2622658	ERS492648	MetaG	TARA_122_SRF_0.45-0.8	TARA_122_SRF_0.45-0.8	122	SRF	0.45-0.8	Girus/Prokaryote enriched	Yes	Yes	No	No
TARA_Y100001980	SAMEA2622657	ERS492647	MetaG	TARA_122_SRF_0.22-0.45	TARA_122_SRF_0.22-0.45	122	SRF	0.22-0.45	Girus/Prokaryote enriched	Yes	Yes	No	No
TARA_Y100001954	SAMEA2622716	ERS492739	MetaG	TARA_123_SRF_0.45-0.8	TARA_123_SRF_0.45-0.8	123	SRF	0.45-0.8	Girus/Prokaryote enriched	Yes	Yes	No	No
TARA_Y100001956	SAMEA2622738	ERS492783	MetaG	TARA_123_MIX_0.45-0.8	TARA_123_MIX_0.45-0.8	123	MIX	0.45-0.8	Girus/Prokaryote enriched	Yes	Yes	No	No
TARA_Y100001958	SAMEA2622715	ERS492738	MetaG	TARA_123_SRF_0.22-0.45	TARA_123_SRF_0.22-0.45	123	SRF	0.22-0.45	Girus/Prokaryote enriched	Yes	Yes	No	No
TARA_Y100001960	SAMEA2622737	ERS492782	MetaG	TARA_123_MIX_0.22-0.45	TARA_123_MIX_0.22-0.45	123	MIX	0.22-0.45	Girus/Prokaryote enriched	Yes	Yes	No	No
TARA_Y100001963	SAMEA2622736	ERS492781	MetaG	TARA_123_MIX_0.1-0.22	TARA_123_MIX_0.1-0.22	123	MIX	0.1-0.22	Girus/Prokaryote enriched	Yes	Yes	No	No
TARA_Y100001933	SAMEA2622765	ERS492820	MetaG	TARA_124_SRF_0.45-0.8	TARA_124_SRF_0.45-0.8	124	SRF	0.45-0.8	Girus/Prokaryote enriched	Yes	Yes	No	No
TARA_Y100001934	SAMEA2622801	ERS492868	MetaG	TARA_124_MIX_0.45-0.8	TARA_124_MIX_0.45-0.8	124	MIX	0.45-0.8	Girus/Prokaryote enriched	Yes	Yes	No	No
TARA_Y100001935	SAMEA2622764	ERS492819	MetaG	TARA_124_SRF_0.22-0.45	TARA_124_SRF_0.22-0.45	124	SRF	0.22-0.45	Girus/Prokaryote enriched	Yes	Yes	No	No
TARA_Y100001936	SAMEA2622800	ERS492867	MetaG	TARA_124_MIX_0.22-0.45	TARA_124_MIX_0.22-0.45	124	MIX	0.22-0.45	Girus/Prokaryote enriched	Yes	Yes	No	No
TARA_Y100001937	SAMEA2622763	ERS492818	MetaG	TARA_124_SRF_0.1-0.22	TARA_124_SRF_0.1-0.22	124	SRF	0.1-0.22	Girus/Prokaryote enriched	Yes	Yes	No	No
TARA_Y100001938	SAMEA2622799	ERS492866	MetaG	TARA_124_MIX_0.1-0.22	TARA_124_MIX_0.1-0.22	124	MIX	0.1-0.22	Girus/Prokaryote enriched	Yes	Yes	No	No
TARA_Y100000588	SAMEA2622823	ERS492894	MetaG	TARA_125_SRF_0.45-0.8	TARA_125_SRF_0.45-0.8	125	SRF	0.45-0.8	Girus/Prokaryote enriched	Yes	Yes	No	No
TARA_Y100000589	SAMEA2622843	ERS492932	MetaG	TARA_125_MIX_0.45-0.8	TARA_125_MIX_0.45-0.8	125	MIX	0.45-0.8	Girus/Prokaryote enriched	Yes	Yes	No	No
TARA_Y100000590	SAMEA2622822	ERS492893	MetaG	TARA_125_SRF_0.22-0.45	TARA_125_SRF_0.22-0.45	125	SRF	0.22-0.45	Girus/Prokaryote enriched	Yes	Yes	No	No
TARA_Y100000591	SAMEA2622842	ERS492931	MetaG	TARA_125_MIX_0.22-0.45	TARA_125_MIX_0.22-0.45	125	MIX	0.22-0.45	Girus/Prokaryote enriched	Yes	Yes	No	No
TARA_Y100000592	SAMEA2622821	ERS492892	MetaG	TARA_125_SRF_0.1-0.22	TARA_125_SRF_0.1-0.22	125	SRF	0.1-0.22	Girus/Prokaryote enriched	Yes	Yes	No	No
TARA_Y100000593	SAMEA2622841	ERS492930	MetaG	TARA_125_MIX_0.1-0.22	TARA_125_MIX_0.1-0.22	125	MIX	0.1-0.22	Girus/Prokaryote enriched	Yes	Yes	No	No
TARA_X000000368	SAMEA2619399	ERS487936	MetaG	TARA_004_DCM_0.22-1.6	TARA_004_DCM_0.22-1.6	4	DCM	0.22-1.6	Prokaryote enriched	Yes	Yes	Yes	No
TARA_Y200000002	SAMEA2619388	ERS487911	MetaG	TARA_004_SRF_0.22-1.6	TARA_004_SRF_0.22-1.6	4	SRF	0.22-1.6	Prokaryote enriched	Yes	Yes	Yes	No
TARA_A200000113	SAMEA2591057	ERS477931	MetaG	TARA_007_SRF_0.22-1.6	TARA_007_SRF_0.22-1.6	7	SRF	0.22-1.6	Prokaryote enriched	Yes	Yes	Yes	No
TARA_A200000159	SAMEA2591074	ERS477953	MetaG	TARA_007_DCM_0.22-1.6	TARA_007_DCM_0.22-1.6	7	DCM	0.22-1.6	Prokaryote enriched	Yes	Yes	Yes	No
TARA_X000000950	SAMEA2619531	ERS488119	MetaG	TARA_009_SRF_0.22-1.6	TARA_009_SRF_0.22-1.6	9	SRF	0.22-1.6	Prokaryote enriched	Yes	Yes	Yes	No
TARA_X000001036	SAMEA2619548	ERS488147	MetaG	TARA_009_DCM_0.22-1.6	TARA_009_DCM_0.22-1.6	9	DCM	0.22-1.6	Prokaryote enriched	Yes	Yes	Yes	No
TARA_A100000164	SAMEA2619667	ERS488330	MetaG	TARA_018_SRF_0.22-1.6	TARA_018_SRF_0.22-1.6	18	SRF	0.22-1.6	Prokaryote enriched	Yes	Yes	Yes	No
TARA_S200000501	SAMEA2619678	ERS488346	MetaG	TARA_018_DCM_0.22-1.6	TARA_018_DCM_0.22-1.6	18	DCM	0.22-1.6	Prokaryote enriched	Yes	Yes	Yes	No
TARA_E500000075	SAMEA2591084	ERS477979	MetaG	TARA_023_SRF_0.22-1.6	TARA_023_SRF_0.22-1.6	23	SRF	0.22-1.6	Prokaryote enriched	Yes	Yes	Yes	No
TARA_E500000081	SAMEA2591098	ERS477998	MetaG	TARA_023_DCM_0.22-1.6	TARA_023_DCM_0.22-1.6	23	DCM	0.22-1.6	Prokaryote enriched	Yes	Yes	Yes	No
TARA_E500000178	SAMEA2619766	ERS488486	MetaG	TARA_025_SRF_0.22-1.6	TARA_025_SRF_0.22-1.6	25	SRF	0.22-1.6	Prokaryote enriched	Yes	Yes	Yes	No
TARA_E500000331	SAMEA2619782	ERS488509	MetaG	TARA_025_DCM_0.22-1.6	TARA_025_DCM_0.22-1.6	25	DCM	0.22-1.6	Prokaryote enriched	Yes	Yes	Yes	No
TARA_A100001011	SAMEA2591122	ERS478040	MetaG	TARA_030_DCM_0.22-1.6	TARA_030_DCM_0.22-1.6	30	DCM	0.22-1.6	Prokaryote enriched	Yes	Yes	Yes	No
TARA_A100001015	SAMEA2591108	ERS478017	MetaG	TARA_030_SRF_0.22-1.6	TARA_030_SRF_0.22-1.6	30	SRF	0.22-1.6	Prokaryote enriched	Yes	Yes	Yes	No
TARA_A100001388	SAMEA2619808	ERS488551	MetaG	TARA_031_SRF_0.22-1.6	TARA_031_SRF_0.22-1.6	31	SRF	0.22-1.6	Prokaryote enriched	Yes	Yes	Yes	No
TARA_A100001035	SAMEA2619818	ERS488569	MetaG	TARA_032_SRF_0.22-1.6	TARA_032_SRF_0.22-1.6	32	SRF	0.22-1.6	Prokaryote enriched	Yes	Yes	Yes	No
TARA_A100001037	SAMEA2619840	ERS488599	MetaG	TARA_032_DCM_0.22-1.6	TARA_032_DCM_0.22-1.6	32	DCM	0.22-1.6	Prokaryote enriched	Yes	Yes	Yes	No
TARA_A100001234	SAMEA2619857	ERS488621	MetaG	TARA_033_SRF_0.22-1.6	TARA_033_SRF_0.22-1.6	33	SRF	0.22-1.6	Prokaryote enriched	Yes	Yes	Yes	No
TARA_B100000003	SAMEA2619879	ERS488649	MetaG	TARA_034_SRF_0.22-1.6	TARA_034_SRF_0.22-1.6	34	SRF	0.22-1.6	Prokaryote enriched	Yes	Yes	Yes	No
TARA_B100000029	SAMEA2619907	ERS488685	MetaG	TARA_034_DCM_0.22-1.6	TARA_034_DCM_0.22-1.6	34	DCM	0.22-1.6	Prokaryote enriched	Yes	Yes	Yes	No
TARA_B100000035	SAMEA2619952	ERS488747	MetaG	TARA_036_DCM_0.22-1.6	TARA_036_DCM_0.22-1.6	36	DCM	0.22-1.6	Prokaryote enriched	Yes	Yes	Yes	No
TARA_Y100000022	SAMEA2619936	ERS488723	MetaG	TARA_036_SRF_0.22-1.6	TARA_036_SRF_0.22-1.6	36	SRF	0.22-1.6	Prokaryote enriched	Yes	Yes	Yes	No
TARA_B100000315	SAMEA2619970	ERS488769	MetaG	TARA_037_MES_0.22-1.6	TARA_037_MES_0.22-1.6	37	MES	0.22-1.6	Prokaryote enriched	Yes	Yes	Yes	No
TARA_B100000073	SAMEA2620021	ERS488830	MetaG	TARA_038_DCM_0.22-1.6	TARA_038_DCM_0.22-1.6	38	DCM	0.22-1.6	Prokaryote enriched	Yes	Yes	Yes	No
TARA_Y100000287	SAMEA2620005	ERS488804	MetaG	TARA_038_SRF_0.22-1.6	TARA_038_SRF_0.22-1.6	38	SRF	0.22-1.6	Prokaryote enriched	Yes	Yes	Yes	No
TARA_Y100000294	SAMEA2620040	ERS488854	MetaG	TARA_038_MES_0.22-1.6	TARA_038_MES_0.22-1.6	38	MES	0.22-1.6	Prokaryote enriched	Yes	Yes	Yes	No
TARA_B100000085	SAMEA2620081	ERS488916	MetaG	TARA_039_DCM_0.22-1.6	TARA_039_DCM_0.22-1.6	39	DCM	0.22-1.6	Prokaryote enriched	Yes	Yes	Yes	No
TARA_Y100000031	SAMEA2620107	ERS488946	MetaG	TARA_039_MES_0.22-1.6	TARA_039_MES_0.22-1.6	39	MES	0.22-1.6	Prokaryote enriched	Yes	Yes	Yes	No
TARA_B100000282	SAMEA2620194	ERS489043	MetaG	TARA_041_SRF_0.22-1.6	TARA_041_SRF_0.22-1.6	41	SRF	0.22-1.6	Prokaryote enriched	Yes	Yes	Yes	No
TARA_B100000287	SAMEA2620217	ERS489074	MetaG	TARA_041_DCM_0.22-1.6	TARA_041_DCM_0.22-1.6	41	DCM	0.22-1.6	Prokaryote enriched	Yes	Yes	Yes	No
TARA_B100000123	SAMEA2620230	ERS489087	MetaG	TARA_042_SRF_0.22-1.6	TARA_042_SRF_0.22-1.6	42	SRF	0.22-1.6	Prokaryote enriched	Yes	Yes	Yes	No
TARA_B100000131	SAMEA2620259	ERS489134	MetaG	TARA_042_DCM_0.22-1.6	TARA_042_DCM_0.22-1.6	42	DCM	0.22-1.6	Prokaryote enriched	Yes	Yes	Yes	No
TARA_B100000161	SAMEA2620339	ERS489236	MetaG	TARA_045_SRF_0.22-1.6	TARA_045_SRF_0.22-1.6	45	SRF	0.22-1.6	Prokaryote enriched	Yes	Yes	Yes	No
TARA_B100000242	SAMEA2620404	ERS489315	MetaG	TARA_048_SRF_0.22-1.6	TARA_048_SRF_0.22-1.6	48	SRF	0.22-1.6	Prokaryote enriched	Yes	Yes	Yes	No
TARA_B100000212	SAMEA2620542	ERS489529	MetaG	TARA_052_SRF_0.22-1.6	TARA_052_SRF_0.22-1.6	52	SRF	0.22-1.6	Prokaryote enriched	Yes	Yes	Yes	No
TARA_B100000214	SAMEA2620570	ERS489585	MetaG	TARA_052_DCM_0.22-1.6	TARA_052_DCM_0.22-1.6	52	DCM	0.22-1.6	Prokaryote enriched	Yes	Yes	Yes	No
TARA_B000000609	SAMEA2620651	ERS489712	MetaG	TARA_056_SRF_0.22-3	TARA_056_SRF_0.22-3	56	SRF	0.22-3	Prokaryote enriched	Yes	Yes	Yes	No
TARA_B100000378	SAMEA2620666	ERS489727	MetaG	TARA_056_MES_0.22-3	TARA_056_MES_0.22-3	56	MES	0.22-3	Prokaryote enriched	Yes	Yes	Yes	No
TARA_B000000565	SAMEA2620672	ERS489733	MetaG	TARA_057_SRF_0.22-3	TARA_057_SRF_0.22-3	57	SRF	0.22-3	Prokaryote enriched	Yes	Yes	Yes	No
TARA_B000000557	SAMEA2620734	ERS489846	MetaG	TARA_058_DCM_0.22-3	TARA_058_DCM_0.22-3	58	DCM	0.22-3	Prokaryote enriched	Yes	Yes	Yes	No
TARA_B000000532	SAMEA2620756	ERS489877	MetaG	TARA_062_SRF_0.22-3	TARA_062_SRF_0.22-3	62	SRF	0.22-3	Prokaryote enriched	Yes	Yes	Yes	No
TARA_B100000401	SAMEA2620786	ERS489917	MetaG	TARA_064_SRF_0.22-3	TARA_064_SRF_0.22-3	64	SRF	0.22-3	Prokaryote enriched	Yes	Yes	Yes	No
TARA_B100000405	SAMEA2620828	ERS490002	MetaG	TARA_064_DCM_0.22-3	TARA_064_DCM_0.22-3	64	DCM	0.22-3	Prokaryote enriched	Yes	Yes	Yes	No
TARA_B100000408	SAMEA2620815	ERS489987	MetaG	TARA_064_MES_0.22-3	TARA_064_MES_0.22-3	64	MES	0.22-3	Prokaryote enriched	Yes	Yes	Yes	No
TARA_B000000437	SAMEA2620855	ERS490029	MetaG	TARA_065_SRF_0.22-3	TARA_065_SRF_0.22-3	65	SRF	0.22-3	Prokaryote enriched	Yes	Yes	Yes	No
TARA_B000000441	SAMEA2620890	ERS490085	MetaG	TARA_065_DCM_0.22-3	TARA_065_DCM_0.22-3	65	DCM	0.22-3	Prokaryote enriched	Yes	Yes	Yes	No
TARA_B000000460	SAMEA2620882	ERS490065	MetaG	TARA_065_MES_0.22-3	TARA_065_MES_0.22-3	65	MES	0.22-3	Prokaryote enriched	Yes	Yes	Yes	No
TARA_B000000475	SAMEA2620929	ERS490124	MetaG	TARA_066_SRF_0.22-3	TARA_066_SRF_0.22-3	66	SRF	0.22-3	Prokaryote enriched	Yes	Yes	Yes	No
TARA_B000000477	SAMEA2620950	ERS490163	MetaG	TARA_066_DCM_0.22-3	TARA_066_DCM_0.22-3	66	DCM	0.22-3	Prokaryote enriched	Yes	Yes	Yes	No
TARA_B100000497	SAMEA2620970	ERS490183	MetaG	TARA_067_SRF_0.22-3	TARA_067_SRF_0.22-3	67	SRF	0.22-3	Prokaryote enriched	Yes	Yes	Yes	No
TARA_B100000470	SAMEA2620995	ERS490230	MetaG	TARA_068_MES_0.22-3	TARA_068_MES_0.22-3	68	MES	0.22-3	Prokaryote enriched	Yes	Yes	Yes	No
TARA_B100000475	SAMEA2621013	ERS490265	MetaG	TARA_068_SRF_0.22-3	TARA_068_SRF_0.22-3	68	SRF	0.22-3	Prokaryote enriched	Yes	Yes	Yes	No
TARA_B100000482	SAMEA2621037	ERS490296	MetaG	TARA_068_DCM_0.22-3	TARA_068_DCM_0.22-3	68	DCM	0.22-3	Prokaryote enriched	Yes	Yes	Yes	No
TARA_B100000446	SAMEA2621092	ERS490373	MetaG	TARA_070_MES_0.22-3	TARA_070_MES_0.22-3	70	MES	0.22-3	Prokaryote enriched	Yes	Yes	Yes	No
TARA_B100000459	SAMEA2621066	ERS490327	MetaG	TARA_070_SRF_0.22-3	TARA_070_SRF_0.22-3	70	SRF	0.22-3	Prokaryote enriched	Yes	Yes	Yes	No
TARA_B100000424	SAMEA2621132	ERS490433	MetaG	TARA_072_SRF_0.22-3	TARA_072_SRF_0.22-3	72	SRF	0.22-3	Prokaryote enriched	Yes	Yes	Yes	No
TARA_B100000427	SAMEA2621155	ERS490476	MetaG	TARA_072_DCM_0.22-3	TARA_072_DCM_0.22-3	72	DCM	0.22-3	Prokaryote enriched	Yes	Yes	Yes	No
TARA_B100000508	SAMEA2621176	ERS490507	MetaG	TARA_072_MES_0.22-3	TARA_072_MES_0.22-3	72	MES	0.22-3	Prokaryote enriched	Yes	Yes	Yes	No
TARA_B100000513	SAMEA2621198	ERS490542	MetaG	TARA_076_SRF_0.22-3	TARA_076_SRF_0.22-3	76	SRF	0.22-3	Prokaryote enriched	Yes	Yes	Yes	No
TARA_B100000519	SAMEA2621216	ERS490597	MetaG	TARA_076_DCM_0.22-3	TARA_076_DCM_0.22-3	76	DCM	0.22-3	Prokaryote enriched	Yes	Yes	Yes	No
TARA_B100000749	SAMEA2621232	ERS490633	MetaG	TARA_076_MES_0.22-3	TARA_076_MES_0.22-3	76	MES	0.22-3	Prokaryote enriched	Yes	Yes	Yes	No
TARA_B100000524	SAMEA2621254	ERS490659	MetaG	TARA_078_SRF_0.22-3	TARA_078_SRF_0.22-3	78	SRF	0.22-3	Prokaryote enriched	Yes	Yes	Yes	No
TARA_B100000530	SAMEA2621272	ERS490691	MetaG	TARA_078_DCM_0.22-3	TARA_078_DCM_0.22-3	78	DCM	0.22-3	Prokaryote enriched	Yes	Yes	Yes	No
TARA_B100000745	SAMEA2621287	ERS490714	MetaG	TARA_078_MES_0.22-3	TARA_078_MES_0.22-3	78	MES	0.22-3	Prokaryote enriched	Yes	Yes	Yes	No
TARA_B100000767	SAMEA2621423	ERS490928	MetaG	TARA_082_DCM_0.22-3	TARA_082_DCM_0.22-3	82	DCM	0.22-3	Prokaryote enriched	Yes	Yes	Yes	No
TARA_B100000768	SAMEA2621401	ERS490885	MetaG	TARA_082_SRF_0.22-3	TARA_082_SRF_0.22-3	82	SRF	0.22-3	Prokaryote enriched	Yes	Yes	Yes	No
TARA_B100000780	SAMEA2621487	ERS491001	MetaG	TARA_084_SRF_0.22-3	TARA_084_SRF_0.22-3	84	SRF	0.22-3	Prokaryote enriched	Yes	Yes	Yes	Yes
TARA_B100000787	SAMEA2621509	ERS491044	MetaG	TARA_085_SRF_0.22-3	TARA_085_SRF_0.22-3	85	SRF	0.22-3	Prokaryote enriched	Yes	Yes	Yes	Yes
TARA_B100000795	SAMEA2621536	ERS491095	MetaG	TARA_085_DCM_0.22-3	TARA_085_DCM_0.22-3	85	DCM	0.22-3	Prokaryote enriched	Yes	Yes	Yes	Yes
TARA_B100000809	SAMEA2621551	ERS491110	MetaG	TARA_085_MES_0.22-3	TARA_085_MES_0.22-3	85	MES	0.22-3	Prokaryote enriched	Yes	Yes	Yes	Yes
TARA_B100001059	SAMEA2621812	ERS491463	MetaG	TARA_093_DCM_0.22-3	TARA_093_DCM_0.22-3	93	DCM	0.22-3	Prokaryote enriched	Yes	Yes	Yes	No
TARA_B100001063	SAMEA2621779	ERS491421	MetaG	TARA_093_SRF_0.22-3	TARA_093_SRF_0.22-3	93	SRF	0.22-3	Prokaryote enriched	Yes	Yes	Yes	No
TARA_B100001057	SAMEA2621839	ERS491492	MetaG	TARA_094_SRF_0.22-3	TARA_094_SRF_0.22-3	94	SRF	0.22-3	Prokaryote enriched	Yes	Yes	Yes	No
TARA_B100000989	SAMEA2621859	ERS491525	MetaG	TARA_096_SRF_0.22-3	TARA_096_SRF_0.22-3	96	SRF	0.22-3	Prokaryote enriched	Yes	Yes	Yes	No
TARA_B100001013	SAMEA2622048	ERS491767	MetaG	TARA_098_MES_0.22-3	TARA_098_MES_0.22-3	98	MES	0.22-3	Prokaryote enriched	Yes	Yes	Yes	No
TARA_B100001027	SAMEA2621990	ERS491699	MetaG	TARA_098_SRF_0.22-3	TARA_098_SRF_0.22-3	98	SRF	0.22-3	Prokaryote enriched	Yes	Yes	Yes	No
TARA_B100001029	SAMEA2622021	ERS491740	MetaG	TARA_098_DCM_0.22-3	TARA_098_DCM_0.22-3	98	DCM	0.22-3	Prokaryote enriched	Yes	Yes	Yes	No
TARA_B100000886	SAMEA2622074	ERS491804	MetaG	TARA_099_SRF_0.22-3	TARA_099_SRF_0.22-3	99	SRF	0.22-3	Prokaryote enriched	Yes	Yes	Yes	No
TARA_B100000959	SAMEA2622149	ERS491913	MetaG	TARA_100_MES_0.22-3	TARA_100_DCM_0.22-3	100	DCM	0.22-3	Prokaryote enriched	Yes	Yes	Yes	No
TARA_B100000963	SAMEA2622097	ERS491836	MetaG	TARA_100_SRF_0.22-3	TARA_100_SRF_0.22-3	100	SRF	0.22-3	Prokaryote enriched	Yes	Yes	Yes	No
TARA_B100000965	SAMEA2622119	ERS491874	MetaG	TARA_100_DCM_0.22-3	TARA_100_DCM_0.22-3	100	DCM	0.22-3	Prokaryote enriched	Yes	Yes	Yes	No
TARA_B100000900	SAMEA2622173	ERS491938	MetaG	TARA_102_SRF_0.22-3	TARA_102_SRF_0.22-3	102	SRF	0.22-3	Prokaryote enriched	Yes	Yes	Yes	No
TARA_B100000902	SAMEA2622219	ERS492012	MetaG	TARA_102_DCM_0.22-3	TARA_102_DCM_0.22-3	102	DCM	0.22-3	Prokaryote enriched	Yes	Yes	Yes	No
TARA_B100000953	SAMEA2622197	ERS491980	MetaG	TARA_102_MES_0.22-3	TARA_102_MES_0.22-3	102	MES	0.22-3	Prokaryote enriched	Yes	Yes	Yes	No
TARA_B100000925	SAMEA2622316	ERS492145	MetaG	TARA_109_SRF_0.22-3	TARA_109_SRF_0.22-3	109	SRF	0.22-3	Prokaryote enriched	Yes	Yes	Yes	No
TARA_B100000927	SAMEA2622336	ERS492177	MetaG	TARA_109_DCM_0.22-3	TARA_109_DCM_0.22-3	109	DCM	0.22-3	Prokaryote enriched	Yes	Yes	Yes	No
TARA_B100000929	SAMEA2622362	ERS492205	MetaG	TARA_109_MES_0.22-3	TARA_109_MES_0.22-3	109	MES	0.22-3	Prokaryote enriched	Yes	Yes	Yes	No
TARA_B100001079	SAMEA2622429	ERS492294	MetaG	TARA_110_MES_0.22-3	TARA_110_MES_0.22-3	110	MES	0.22-3	Prokaryote enriched	Yes	Yes	Yes	No
TARA_B100001109	SAMEA2622376	ERS492228	MetaG	TARA_110_SRF_0.22-3	TARA_110_SRF_0.22-3	110	SRF	0.22-3	Prokaryote enriched	Yes	Yes	Yes	No
TARA_B100001113	SAMEA2622402	ERS492264	MetaG	TARA_110_DCM_0.22-3	TARA_110_DCM_0.22-3	110	DCM	0.22-3	Prokaryote enriched	Yes	Yes	Yes	No
TARA_B100000575	SAMEA2622452	ERS492321	MetaG	TARA_111_SRF_0.22-3	TARA_111_SRF_0.22-3	111	SRF	0.22-3	Prokaryote enriched	Yes	Yes	Yes	No
TARA_B100000579	SAMEA2622478	ERS492357	MetaG	TARA_111_DCM_0.22-3	TARA_111_DCM_0.22-3	111	DCM	0.22-3	Prokaryote enriched	Yes	Yes	Yes	No
TARA_B100000586	SAMEA2622499	ERS492381	MetaG	TARA_111_MES_0.22-3	TARA_111_MES_0.22-3	111	MES	0.22-3	Prokaryote enriched	Yes	Yes	Yes	No
TARA_B100000941	SAMEA2622518	ERS492408	MetaG	TARA_112_SRF_0.22-3	TARA_112_SRF_0.22-3	112	SRF	0.22-3	Prokaryote enriched	Yes	Yes	Yes	No
TARA_B100000945	SAMEA2622545	ERS492445	MetaG	TARA_112_DCM_0.22-3	TARA_112_DCM_0.22-3	112	DCM	0.22-3	Prokaryote enriched	Yes	Yes	Yes	No
TARA_B100000949	SAMEA2622568	ERS492471	MetaG	TARA_112_MES_0.22-3	TARA_112_MES_0.22-3	112	MES	0.22-3	Prokaryote enriched	Yes	Yes	Yes	No
TARA_B100000678	SAMEA2622673	ERS492680	MetaG	TARA_122_MES_0.22-3	TARA_122_MES_0.22-3	122	MES	0.22-3	Prokaryote enriched	Yes	Yes	Yes	No
TARA_B100000700	SAMEA2622690	ERS492699	MetaG	TARA_122_DCM_0.22-3	TARA_122_DCM_0.22-3	122	DCM	0.22-3	Prokaryote enriched	Yes	Yes	Yes	No
TARA_B100001115	SAMEA2622652	ERS492642	MetaG	TARA_122_SRF_0.22-3	TARA_122_SRF_0.22-3	122	SRF	0.22-3	Prokaryote enriched	Yes	Yes	Yes	No
TARA_B100000683	SAMEA2622710	ERS492733	MetaG	TARA_123_SRF_0.22-3	TARA_123_SRF_0.22-3	123	SRF	0.22-3	Prokaryote enriched	Yes	Yes	Yes	No
TARA_B100000686	SAMEA2622733	ERS492778	MetaG	TARA_123_MIX_0.22-3	TARA_123_MIX_0.22-3	123	MIX	0.22-3	Prokaryote enriched	Yes	Yes	Yes	No
TARA_B100000674	SAMEA2622759	ERS492814	MetaG	TARA_124_SRF_0.22-3	TARA_124_SRF_0.22-3	124	SRF	0.22-3	Prokaryote enriched	Yes	Yes	Yes	No
TARA_B100000676	SAMEA2622796	ERS492863	MetaG	TARA_124_MIX_0.22-3	TARA_124_MIX_0.22-3	124	MIX	0.22-3	Prokaryote enriched	Yes	Yes	Yes	No
TARA_B100001121	SAMEA2622817	ERS492888	MetaG	TARA_125_SRF_0.22-3	TARA_125_SRF_0.22-3	125	SRF	0.22-3	Prokaryote enriched	Yes	Yes	Yes	No
TARA_B100001123	SAMEA2622837	ERS492926	MetaG	TARA_125_MIX_0.22-3	TARA_125_MIX_0.22-3	125	MIX	0.22-3	Prokaryote enriched	Yes	Yes	Yes	No
TARA_B100000609	SAMEA2622901	ERS493044	MetaG	TARA_128_SRF_0.22-3	TARA_128_SRF_0.22-3	128	SRF	0.22-3	Prokaryote enriched	Yes	Yes	Yes	No
TARA_B100000614	SAMEA2622923	ERS493098	MetaG	TARA_128_DCM_0.22-3	TARA_128_DCM_0.22-3	128	DCM	0.22-3	Prokaryote enriched	Yes	Yes	Yes	No
TARA_B100001245	SAMEA2623098	ERS493372	MetaG	TARA_132_MES_0.22-3	TARA_132_MES_0.22-3	132	MES	0.22-3	Prokaryote enriched	Yes	Yes	Yes	No
TARA_B100001248	SAMEA2623059	ERS493300	MetaG	TARA_132_SRF_0.22-3	TARA_132_SRF_0.22-3	132	SRF	0.22-3	Prokaryote enriched	Yes	Yes	Yes	No
TARA_B100001250	SAMEA2623079	ERS493340	MetaG	TARA_132_DCM_0.22-3	TARA_132_DCM_0.22-3	132	DCM	0.22-3	Prokaryote enriched	Yes	Yes	Yes	No
TARA_B100001093	SAMEA2623116	ERS493390	MetaG	TARA_133_SRF_0.22-3	TARA_133_SRF_0.22-3	133	SRF	0.22-3	Prokaryote enriched	Yes	Yes	Yes	No
TARA_B100001094	SAMEA2623135	ERS493431	MetaG	TARA_133_DCM_0.22-3	TARA_133_DCM_0.22-3	133	DCM	0.22-3	Prokaryote enriched	Yes	Yes	Yes	No
TARA_B100001105	SAMEA2623155	ERS493460	MetaG	TARA_133_MES_0.22-3	TARA_133_MES_0.22-3	133	MES	0.22-3	Prokaryote enriched	Yes	Yes	Yes	No
TARA_B100001287	SAMEA2623275	ERS493636	MetaG	TARA_137_SRF_0.22-3	TARA_137_SRF_0.22-3	137	SRF	0.22-3	Prokaryote enriched	Yes	Yes	Yes	No
TARA_B100001964	SAMEA2623295	ERS493670	MetaG	TARA_137_DCM_0.22-3	TARA_137_DCM_0.22-3	137	DCM	0.22-3	Prokaryote enriched	Yes	Yes	Yes	No
TARA_B100001971	SAMEA2623314	ERS493705	MetaG	TARA_137_MES_0.22-3	TARA_137_MES_0.22-3	137	MES	0.22-3	Prokaryote enriched	Yes	Yes	Yes	No
TARA_B100001989	SAMEA2623350	ERS493752	MetaG	TARA_138_SRF_0.22-3	TARA_138_SRF_0.22-3	138	SRF	0.22-3	Prokaryote enriched	Yes	Yes	Yes	No
TARA_B100001996	SAMEA2623370	ERS493788	MetaG	TARA_138_DCM_0.22-3	TARA_138_DCM_0.22-3	138	DCM	0.22-3	Prokaryote enriched	Yes	Yes	Yes	No
TARA_B100002003	SAMEA2623390	ERS493822	MetaG	TARA_138_MES_0.22-3	TARA_138_MES_0.22-3	138	MES	0.22-3	Prokaryote enriched	Yes	Yes	Yes	No
TARA_B100002019	SAMEA2623426	ERS493877	MetaG	TARA_140_SRF_0.22-3	TARA_140_SRF_0.22-3	140	SRF	0.22-3	Prokaryote enriched	Yes	Yes	Yes	No
TARA_B100001939	SAMEA2623446	ERS493914	MetaG	TARA_141_SRF_0.22-3	TARA_141_SRF_0.22-3	141	SRF	0.22-3	Prokaryote enriched	Yes	Yes	Yes	No
TARA_B100002049	SAMEA2623513	ERS494006	MetaG	TARA_142_MES_0.22-3	TARA_142_MES_0.22-3	142	MES	0.22-3	Prokaryote enriched	Yes	Yes	Yes	No
TARA_B100002051	SAMEA2623463	ERS493938	MetaG	TARA_142_SRF_0.22-3	TARA_142_SRF_0.22-3	142	SRF	0.22-3	Prokaryote enriched	Yes	Yes	Yes	No
TARA_B100002052	SAMEA2623488	ERS493981	MetaG	TARA_142_DCM_0.22-3	TARA_142_DCM_0.22-3	142	DCM	0.22-3	Prokaryote enriched	Yes	Yes	Yes	No
TARA_B100001142	SAMEA2623627	ERS494170	MetaG	TARA_145_SRF_0.22-3	TARA_145_SRF_0.22-3	145	SRF	0.22-3	Prokaryote enriched	Yes	Yes	Yes	No
TARA_B100001146	SAMEA2623649	ERS494208	MetaG	TARA_145_MES_0.22-3	TARA_145_MES_0.22-3	145	MES	0.22-3	Prokaryote enriched	Yes	Yes	Yes	No
TARA_B100001167	SAMEA2623693	ERS494274	MetaG	TARA_146_MES_0.22-3	TARA_146_MES_0.22-3	146	MES	0.22-3	Prokaryote enriched	Yes	Yes	Yes	No
TARA_B100001540	SAMEA2623673	ERS494236	MetaG	TARA_146_SRF_0.22-3	TARA_146_SRF_0.22-3	146	SRF	0.22-3	Prokaryote enriched	Yes	Yes	Yes	No
TARA_B100001741	SAMEA2623734	ERS494332	MetaG	TARA_148_SRF_0.22-3	TARA_148_SRF_0.22-3	148	SRF	0.22-3	Prokaryote enriched	Yes	Yes	Yes	No
TARA_B100001750	SAMEA2623756	ERS494374	MetaG	TARA_148b_MES_0.22-3	TARA_148b_MES_0.22-3	148	MES	0.22-3	Prokaryote enriched	Yes	Yes	Yes	No
TARA_B100001758	SAMEA2623774	ERS494394	MetaG	TARA_149_SRF_0.22-3	TARA_149_SRF_0.22-3	149	SRF	0.22-3	Prokaryote enriched	Yes	Yes	Yes	No
TARA_B100001765	SAMEA2623794	ERS494431	MetaG	TARA_149_MES_0.22-3	TARA_149_MES_0.22-3	149	MES	0.22-3	Prokaryote enriched	Yes	Yes	Yes	No
TARA_B100001769	SAMEA2623808	ERS494445	MetaG	TARA_150_SRF_0.22-3	TARA_150_SRF_0.22-3	150	SRF	0.22-3	Prokaryote enriched	Yes	Yes	Yes	No
TARA_B100001778	SAMEA2623826	ERS494488	MetaG	TARA_150_DCM_0.22-3	TARA_150_DCM_0.22-3	150	DCM	0.22-3	Prokaryote enriched	Yes	Yes	Yes	No
TARA_B100001559	SAMEA2623868	ERS494559	MetaG	TARA_151_DCM_0.22-3	TARA_151_DCM_0.22-3	151	DCM	0.22-3	Prokaryote enriched	Yes	Yes	Yes	No
TARA_B100001564	SAMEA2623850	ERS494518	MetaG	TARA_151_SRF_0.22-3	TARA_151_SRF_0.22-3	151	SRF	0.22-3	Prokaryote enriched	Yes	Yes	Yes	No
TARA_B100001173	SAMEA2623886	ERS494579	MetaG	TARA_152_SRF_0.22-3	TARA_152_SRF_0.22-3	152	SRF	0.22-3	Prokaryote enriched	Yes	Yes	Yes	No
TARA_B100001175	SAMEA2623921	ERS494633	MetaG	TARA_152_MIX_0.22-3	TARA_152_MIX_0.22-3	152	MIX	0.22-3	Prokaryote enriched	Yes	Yes	Yes	No
TARA_B100001179	SAMEA2623907	ERS494616	MetaG	TARA_152_MES_0.22-3	TARA_152_MES_0.22-3	152	MES	0.22-3	Prokaryote enriched	Yes	Yes	Yes	No
TARA_B110000003	SAMEA4396424	ERS1307873	MetaG	TARA_155_SRF_0.22-3	TARA_155_SRF_0.22-3	155	SRF	0.22-3	Prokaryote enriched	No	Yes	Yes	Yes
TARA_B110000008	SAMEA4396496	ERS1307945	MetaG	TARA_155_DCM_0.22-3	TARA_155_DCM_0.22-3	155	DCM	0.22-3	Prokaryote enriched	No	Yes	Yes	Yes
TARA_B110000014	SAMEA4396468	ERS1307917	MetaG	TARA_155_MES_0.22-3	TARA_155_MES_0.22-3	155	MES	0.22-3	Prokaryote enriched	No	Yes	Yes	Yes
TARA_B110001450	SAMEA4396538	ERS1307987	MetaG	TARA_158_SRF_0.22-3	TARA_158_SRF_0.22-3	158	SRF	0.22-3	Prokaryote enriched	No	Yes	Yes	Yes
TARA_B110001452	SAMEA4396971	ERS1308420	MetaG	TARA_158_DCM_0.22-3	TARA_158_DCM_0.22-3	158	DCM	0.22-3	Prokaryote enriched	No	Yes	Yes	Yes
TARA_B110001454	SAMEA4397004	ERS1308453	MetaG	TARA_158_MES_0.22-3	TARA_158_MES_0.22-3	158	MES	0.22-3	Prokaryote enriched	No	Yes	Yes	Yes
TARA_B110000196	SAMEA4397072	ERS1308521	MetaG	TARA_163_MES_0.22-3	TARA_163_MES_0.22-3	163	MES	0.22-3	Prokaryote enriched	No	Yes	Yes	Yes
TARA_B110001469	SAMEA4397034	ERS1308483	MetaG	TARA_163_SRF_0.22-3	TARA_163_SRF_0.22-3	163	SRF	0.22-3	Prokaryote enriched	No	Yes	Yes	Yes
TARA_B110000027	SAMEA4397101	ERS1308550	MetaG	TARA_168_SRF_0.22-3	TARA_168_SRF_0.22-3	168	SRF	0.22-3	Prokaryote enriched	No	Yes	Yes	Yes
TARA_B110000037	SAMEA4397196	ERS1308645	MetaG	TARA_168_IZZ_0.22-3	TARA_168_MIX_0.22-3	168	MIX	0.22-3	Prokaryote enriched	No	Yes	Yes	Yes
TARA_B110000046	SAMEA4397157	ERS1308606	MetaG	TARA_168_DCM_0.22-3	TARA_168_DCM_0.22-3	168	DCM	0.22-3	Prokaryote enriched	No	Yes	Yes	Yes
TARA_B110000090	SAMEA4397239	ERS1308688	MetaG	TARA_173_SRF_0.22-3	TARA_173_SRF_0.22-3	173	SRF	0.22-3	Prokaryote enriched	No	Yes	Yes	Yes
TARA_B110000093	SAMEA4397390	ERS1308839	MetaG	TARA_173_DCM_0.22-3	TARA_173_DCM_0.22-3	173	DCM	0.22-3	Prokaryote enriched	No	Yes	Yes	Yes
TARA_B110000091	SAMEA4397278	ERS1308727	MetaG	TARA_173_IZZ_0.22-3	TARA_173_DCM_0.22-3	173	DCM	0.22-3	Prokaryote enriched	No	Yes	Yes	Yes
TARA_B110000114	SAMEA4397311	ERS1308760	MetaG	TARA_175_SRF_0.22-3	TARA_175_SRF_0.22-3	175	SRF	0.22-3	Prokaryote enriched	No	Yes	Yes	Yes
TARA_B110000116	SAMEA4397355	ERS1308804	MetaG	TARA_175_ZZZ_0.22-3	TARA_175_ZZZ_0.22-3	175	MIX	0.22-3	Prokaryote enriched	No	Yes	Yes	Yes
TARA_B110000208	SAMEA4397426	ERS1308875	MetaG	TARA_178_SRF_0.22-3	TARA_178_SRF_0.22-3	178	SRF	0.22-3	Prokaryote enriched	No	Yes	Yes	Yes
TARA_B110000211	SAMEA4397516	ERS1308965	MetaG	TARA_180_ZZZ_0.22-3	TARA_180_DCM_0.22-3	180	DCM	0.22-3	Prokaryote enriched	No	Yes	Yes	Yes
TARA_B110000503	SAMEA4397472	ERS1308921	MetaG	TARA_180_SRF_0.22-3	TARA_180_SRF_0.22-3	180	SRF	0.22-3	Prokaryote enriched	No	Yes	Yes	Yes
TARA_B110000238	SAMEA4397569	ERS1309018	MetaG	TARA_188_SRF_0.22-3	TARA_188_SRF_0.22-3	188	SRF	0.22-3	Prokaryote enriched	No	Yes	Yes	Yes
TARA_B110000240	SAMEA4397611	ERS1309060	MetaG	TARA_188_DCM_0.22-3	TARA_188_DCM_0.22-3	188	DCM	0.22-3	Prokaryote enriched	No	Yes	Yes	Yes
TARA_B110000259	SAMEA4397649	ERS1309098	MetaG	TARA_189_SRF_0.22-3	TARA_189_SRF_0.22-3	189	SRF	0.22-3	Prokaryote enriched	No	Yes	Yes	Yes
TARA_B110000261	SAMEA4397705	ERS1309154	MetaG	TARA_189_DCM_0.22-3	TARA_189_DCM_0.22-3	189	DCM	0.22-3	Prokaryote enriched	No	Yes	Yes	Yes
TARA_B110000263	SAMEA4397730	ERS1309179	MetaG	TARA_189_MES_0.22-3	TARA_189_MES_0.22-3	189	MES	0.22-3	Prokaryote enriched	No	Yes	Yes	Yes
TARA_B110000285	SAMEA4397756	ERS1309205	MetaG	TARA_191_SRF_0.22-3	TARA_191_SRF_0.22-3	191	SRF	0.22-3	Prokaryote enriched	No	Yes	Yes	Yes
TARA_B110000977	SAMEA4397798	ERS1309247	MetaG	TARA_193_SRF_0.22-3	TARA_193_SRF_0.22-3	193	SRF	0.22-3	Prokaryote enriched	No	Yes	Yes	Yes
TARA_B110000967	SAMEA4397903	ERS1309352	MetaG	TARA_194_DCM_0.22-3	TARA_194_DCM_0.22-3	194	DCM	0.22-3	Prokaryote enriched	No	Yes	Yes	Yes
TARA_B110000971	SAMEA4397842	ERS1309291	MetaG	TARA_194_SRF_0.22-3	TARA_194_SRF_0.22-3	194	SRF	0.22-3	Prokaryote enriched	No	Yes	Yes	Yes
TARA_B110000305	SAMEA4397930	ERS1309379	MetaG	TARA_196_SRF_0.22-3	TARA_196_SRF_0.22-3	196	SRF	0.22-3	Prokaryote enriched	No	Yes	Yes	Yes
TARA_B110000902	SAMEA4398009	ERS1309458	MetaG	TARA_201_SRF_0.22-3	TARA_201_SRF_0.22-3	201	SRF	0.22-3	Prokaryote enriched	No	Yes	Yes	Yes
TARA_B110000908	SAMEA4398067	ERS1309516	MetaG	TARA_201_DCM_0.22-3	TARA_201_DCM_0.22-3	201	DCM	0.22-3	Prokaryote enriched	No	Yes	Yes	Yes
TARA_B110000914	SAMEA4397983	ERS1309432	MetaG	TARA_201_MES_0.22-3	TARA_201_MES_0.22-3	201	MES	0.22-3	Prokaryote enriched	No	Yes	Yes	Yes
TARA_B110000879	SAMEA4398094	ERS1309543	MetaG	TARA_205_SRF_0.22-3	TARA_205_SRF_0.22-3	205	SRF	0.22-3	Prokaryote enriched	No	Yes	Yes	Yes
TARA_B110000881	SAMEA4398150	ERS1309599	MetaG	TARA_205_MES_0.22-3	TARA_205_MES_0.22-3	205	MES	0.22-3	Prokaryote enriched	No	Yes	Yes	Yes
TARA_B110000483	SAMEA4398176	ERS1309625	MetaG	TARA_206_SRF_0.22-3	TARA_206_SRF_0.22-3	206	SRF	0.22-3	Prokaryote enriched	No	Yes	Yes	Yes
TARA_B110000495	SAMEA4398219	ERS1309668	MetaG	TARA_206_MES_0.22-3	TARA_206_MES_0.22-3	206	MES	0.22-3	Prokaryote enriched	No	Yes	Yes	Yes
TARA_B110000858	SAMEA4398247	ERS1309696	MetaG	TARA_208_SRF_0.22-3	TARA_208_SRF_0.22-3	208	SRF	0.22-3	Prokaryote enriched	No	Yes	Yes	Yes
TARA_B110000459	SAMEA4398296	ERS1309745	MetaG	TARA_209_SRF_0.22-3	TARA_209_SRF_0.22-3	209	SRF	0.22-3	Prokaryote enriched	No	Yes	Yes	Yes
TARA_B110000467	SAMEA4398341	ERS1309790	MetaG	TARA_209_MES_0.22-3	TARA_209_MES_0.22-3	209	MES	0.22-3	Prokaryote enriched	No	Yes	Yes	Yes
TARA_B110000438	SAMEA4398413	ERS1309862	MetaG	TARA_210_MES_0.22-3	TARA_210_MES_0.22-3	210	MES	0.22-3	Prokaryote enriched	No	Yes	Yes	Yes
TARA_B110000444	SAMEA4398370	ERS1309819	MetaG	TARA_210_SRF_0.22-3	TARA_210_SRF_0.22-3	210	SRF	0.22-3	Prokaryote enriched	No	Yes	Yes	Yes
TARA_X000001316	SAMEA2619625	ERS488253	MetaG	TARA_011_SRF_lt-0.22	TARA_011_SRF_lt-0.22	11	SRF	lt-0.22	Virus enriched	No	Yes	No	No
TARA_A100000171	SAMEA2619677	ERS488340	MetaG	TARA_018_SRF_lt-0.22	TARA_018_SRF_lt-0.22	18	SRF	lt-0.22	Virus enriched	Yes	Yes	No	No
TARA_A100000172	SAMEA2619686	ERS488354	MetaG	TARA_018_DCM_lt-0.22	TARA_018_DCM_lt-0.22	18	DCM	lt-0.22	Virus enriched	Yes	Yes	No	No
TARA_S200002703	SAMEA2619747	ERS488448	MetaG	TARA_022_SRF_lt-0.22	TARA_022_SRF_lt-0.22	22	SRF	lt-0.22	Virus enriched	Yes	Yes	No	No
TARA_X000001382	SAMEA2591102	ERS478002	MetaG	TARA_023_DCM_lt-0.22	TARA_023_DCM_lt-0.22	23	DCM	lt-0.22	Virus enriched	Yes	Yes	No	No
TARA_E500000305	SAMEA2619790	ERS488517	MetaG	TARA_025_DCM_lt-0.22	TARA_025_DCM_lt-0.22	25	DCM	lt-0.22	Virus enriched	Yes	Yes	No	No
TARA_E500000318	SAMEA2619779	ERS488499	MetaG	TARA_025_SRF_lt-0.22	TARA_025_SRF_lt-0.22	25	SRF	lt-0.22	Virus enriched	Yes	Yes	No	No
TARA_X000001388	SAMEA2591127	ERS478045	MetaG	TARA_030_DCM_lt-0.22	TARA_030_DCM_lt-0.22	30	DCM	lt-0.22	Virus enriched	Yes	Yes	No	No
TARA_A100001391	SAMEA2619814	ERS488557	MetaG	TARA_031_SRF_lt-0.22	TARA_031_SRF_lt-0.22	31	SRF	lt-0.22	Virus enriched	Yes	Yes	No	No
TARA_A100001515	SAMEA2619837	ERS488588	MetaG	TARA_032_SRF_lt-0.22	TARA_032_SRF_lt-0.22	32	SRF	lt-0.22	Virus enriched	Yes	Yes	No	No
TARA_A100001518	SAMEA2619854	ERS488613	MetaG	TARA_032_DCM_lt-0.22	TARA_032_DCM_lt-0.22	32	DCM	lt-0.22	Virus enriched	Yes	Yes	No	No
TARA_A100001201	SAMEA2619872	ERS488636	MetaG	TARA_033_SRF_lt-0.22	TARA_033_SRF_lt-0.22	33	SRF	lt-0.22	Virus enriched	No	Yes	No	No
TARA_R100000005	SAMEA2619903	ERS488673	MetaG	TARA_034_SRF_lt-0.22	TARA_034_SRF_lt-0.22	34	SRF	lt-0.22	Virus enriched	Yes	Yes	No	No
TARA_R100000008	SAMEA2619923	ERS488701	MetaG	TARA_034_DCM_lt-0.22	TARA_034_DCM_lt-0.22	34	DCM	lt-0.22	Virus enriched	Yes	Yes	No	No
TARA_R100000027	SAMEA2619949	ERS488736	MetaG	TARA_036_SRF_lt-0.22	TARA_036_SRF_lt-0.22	36	SRF	lt-0.22	Virus enriched	Yes	Yes	No	No
TARA_R100000030	SAMEA2619962	ERS488757	MetaG	TARA_036_DCM_lt-0.22	TARA_036_DCM_lt-0.22	36	DCM	lt-0.22	Virus enriched	Yes	Yes	No	No
TARA_R100000049	SAMEA2619992	ERS488791	MetaG	TARA_037_MES_lt-0.22	TARA_037_MES_lt-0.22	37	MES	lt-0.22	Virus enriched	No	Yes	No	No
TARA_R100000081	SAMEA2620014	ERS488813	MetaG	TARA_038_SRF_lt-0.22	TARA_038_SRF_lt-0.22	38	SRF	lt-0.22	Virus enriched	Yes	Yes	No	No
TARA_R100000084	SAMEA2620027	ERS488836	MetaG	TARA_038_DCM_lt-0.22	TARA_038_DCM_lt-0.22	38	DCM	lt-0.22	Virus enriched	Yes	Yes	No	No
TARA_R100000093	SAMEA2620053	ERS488867	MetaG	TARA_038_MES_lt-0.22	TARA_038_MES_lt-0.22	38	MES	lt-0.22	Virus enriched	No	Yes	No	No
TARA_R100000479	SAMEA2620078	ERS488892	MetaG	TARA_039_SRF_lt-0.22	TARA_039_SRF_lt-0.22	39	SRF	lt-0.22	Virus enriched	Yes	Yes	No	No
TARA_R100000482	SAMEA2620094	ERS488929	MetaG	TARA_039_DCM_lt-0.22	TARA_039_DCM_lt-0.22	39	DCM	lt-0.22	Virus enriched	Yes	Yes	No	No
TARA_R100000501	SAMEA2620120	ERS488959	MetaG	TARA_039_MES_lt-0.22	TARA_039_MES_lt-0.22	39	MES	lt-0.22	Virus enriched	No	Yes	No	No
TARA_R100000455	SAMEA2620210	ERS489059	MetaG	TARA_041_SRF_lt-0.22	TARA_041_SRF_lt-0.22	41	SRF	lt-0.22	Virus enriched	Yes	Yes	No	No
TARA_R100000458	SAMEA2620227	ERS489084	MetaG	TARA_041_DCM_lt-0.22	TARA_041_DCM_lt-0.22	41	DCM	lt-0.22	Virus enriched	Yes	Yes	No	No
TARA_R100000149	SAMEA2620256	ERS489113	MetaG	TARA_042_SRF_lt-0.22	TARA_042_SRF_lt-0.22	42	SRF	lt-0.22	Virus enriched	Yes	Yes	No	No
TARA_R100000152	SAMEA2620273	ERS489148	MetaG	TARA_042_DCM_lt-0.22	TARA_042_DCM_lt-0.22	42	DCM	lt-0.22	Virus enriched	Yes	Yes	No	No
TARA_R100000388	SAMEA2620360	ERS489257	MetaG	TARA_045_SRF_lt-0.22	TARA_045_SRF_lt-0.22	45	SRF	lt-0.22	Virus enriched	No	Yes	No	No
TARA_R100000406	SAMEA2620384	ERS489285	MetaG	TARA_046_SRF_lt-0.22	TARA_046_SRF_lt-0.22	46	SRF	lt-0.22	Virus enriched	Yes	Yes	No	No
TARA_R100000426	SAMEA2620421	ERS489332	MetaG	TARA_048_SRF_lt-0.22	TARA_048_SRF_lt-0.22	48	SRF	lt-0.22	Virus enriched	No	Yes	No	No
TARA_R100000234	SAMEA2620588	ERS489603	MetaG	TARA_052_DCM_lt-0.22	TARA_052_DCM_lt-0.22	52	DCM	lt-0.22	Virus enriched	Yes	Yes	No	No
TARA_R100000231	SAMEA2620565	ERS489552	MetaG	TARA_052_SRF_lt-0.22	TARA_052_SRF_lt-0.22	52	SRF	lt-0.22	Virus enriched	No	Yes	No	No
TARA_R100000365	SAMEA2620668	ERS489729	MetaG	TARA_056_MES_lt-0.22	TARA_056_MES_lt-0.22	56	MES	lt-0.22	Virus enriched	No	Yes	No	No
TARA_R100000353	SAMEA2620663	ERS489724	MetaG	TARA_056_SRF_lt-0.22	TARA_056_SRF_lt-0.22	56	SRF	lt-0.22	Virus enriched	No	Yes	No	No
TARA_R100000278	SAMEA2620755	ERS489867	MetaG	TARA_058_DCM_lt-0.22	TARA_058_DCM_lt-0.22	58	DCM	lt-0.22	Virus enriched	No	Yes	No	No
TARA_R100000329	SAMEA2620783	ERS489904	MetaG	TARA_062_SRF_lt-0.22	TARA_062_SRF_lt-0.22	62	SRF	lt-0.22	Virus enriched	No	Yes	No	No
TARA_R100000315	SAMEA2620852	ERS490026	MetaG	TARA_064_DCM_lt-0.22	TARA_064_DCM_lt-0.22	64	DCM	lt-0.22	Virus enriched	Yes	Yes	No	No
TARA_R100000322	SAMEA2620812	ERS489943	MetaG	TARA_064_SRF_lt-0.22	TARA_064_SRF_lt-0.22	64	SRF	lt-0.22	Virus enriched	Yes	Yes	No	No
TARA_R100000306	SAMEA2620824	ERS489996	MetaG	TARA_064_MES_lt-0.22	TARA_064_MES_lt-0.22	64	MES	lt-0.22	Virus enriched	No	Yes	No	No
TARA_R100001198	SAMEA2620925	ERS490120	MetaG	TARA_065_DCM_lt-0.22	TARA_065_DCM_lt-0.22	65	DCM	lt-0.22	Virus enriched	Yes	Yes	No	No
TARA_R100001230	SAMEA2620879	ERS490053	MetaG	TARA_065_SRF_lt-0.22	TARA_065_SRF_lt-0.22	65	SRF	lt-0.22	Virus enriched	Yes	Yes	No	No
TARA_R100000900	SAMEA2620947	ERS490142	MetaG	TARA_066_SRF_lt-0.22	TARA_066_SRF_lt-0.22	66	SRF	lt-0.22	Virus enriched	Yes	Yes	No	No
TARA_R100000908	SAMEA2620967	ERS490180	MetaG	TARA_066_DCM_lt-0.22	TARA_066_DCM_lt-0.22	66	DCM	lt-0.22	Virus enriched	Yes	Yes	No	No
TARA_R100000951	SAMEA2620991	ERS490204	MetaG	TARA_067_SRF_lt-0.22	TARA_067_SRF_lt-0.22	67	SRF	lt-0.22	Virus enriched	Yes	Yes	No	No
TARA_R100000988	SAMEA2621033	ERS490285	MetaG	TARA_068_SRF_lt-0.22	TARA_068_SRF_lt-0.22	68	SRF	lt-0.22	Virus enriched	Yes	Yes	No	No
TARA_R100000995	SAMEA2621061	ERS490320	MetaG	TARA_068_DCM_lt-0.22	TARA_068_DCM_lt-0.22	68	DCM	lt-0.22	Virus enriched	Yes	Yes	No	No
TARA_R100000963	SAMEA2621010	ERS490245	MetaG	TARA_068_MES_lt-0.22	TARA_068_MES_lt-0.22	68	MES	lt-0.22	Virus enriched	No	Yes	No	No
TARA_R100001015	SAMEA2621085	ERS490346	MetaG	TARA_070_SRF_lt-0.22	TARA_070_SRF_lt-0.22	70	SRF	lt-0.22	Virus enriched	Yes	Yes	No	No
TARA_R100001039	SAMEA2621107	ERS490388	MetaG	TARA_070_MES_lt-0.22	TARA_070_MES_lt-0.22	70	MES	lt-0.22	Virus enriched	Yes	Yes	No	No
TARA_R100001079	SAMEA2621151	ERS490452	MetaG	TARA_072_SRF_lt-0.22	TARA_072_SRF_lt-0.22	72	SRF	lt-0.22	Virus enriched	Yes	Yes	No	No
TARA_R100001082	SAMEA2621173	ERS490494	MetaG	TARA_072_DCM_lt-0.22	TARA_072_DCM_lt-0.22	72	DCM	lt-0.22	Virus enriched	Yes	Yes	No	No
TARA_R100001086	SAMEA2621191	ERS490522	MetaG	TARA_072_MES_lt-0.22	TARA_072_MES_lt-0.22	72	MES	lt-0.22	Virus enriched	Yes	Yes	No	No
TARA_R100001126	SAMEA2621213	ERS490557	MetaG	TARA_076_SRF_lt-0.22	TARA_076_SRF_lt-0.22	76	SRF	lt-0.22	Virus enriched	Yes	Yes	No	No
TARA_R100001129	SAMEA2621229	ERS490610	MetaG	TARA_076_DCM_lt-0.22	TARA_076_DCM_lt-0.22	76	DCM	lt-0.22	Virus enriched	Yes	Yes	No	No
TARA_R100001132	SAMEA2621247	ERS490648	MetaG	TARA_076_MES_lt-0.22	TARA_076_MES_lt-0.22	76	MES	lt-0.22	Virus enriched	No	Yes	No	No
TARA_R100001224	SAMEA2621271	ERS490676	MetaG	TARA_078_SRF_lt-0.22	TARA_078_SRF_lt-0.22	78	SRF	lt-0.22	Virus enriched	Yes	Yes	No	No
TARA_R100001163	SAMEA2621285	ERS490704	MetaG	TARA_078_DCM_lt-0.22	TARA_078_DCM_lt-0.22	78	DCM	lt-0.22	Virus enriched	No	Yes	No	No
TARA_R100001143	SAMEA2621300	ERS490727	MetaG	TARA_078_MES_lt-0.22	TARA_078_MES_lt-0.22	78	MES	lt-0.22	Virus enriched	No	Yes	No	No
TARA_R100000544	SAMEA2621448	ERS490953	MetaG	TARA_082_DCM_lt-0.22	TARA_082_DCM_lt-0.22	82	DCM	lt-0.22	Virus enriched	Yes	Yes	No	No
TARA_R100000541	SAMEA2621416	ERS490900	MetaG	TARA_082_SRF_lt-0.22	TARA_082_SRF_lt-0.22	82	SRF	lt-0.22	Virus enriched	No	Yes	No	No
TARA_R100000935	SAMEA2621502	ERS491016	MetaG	TARA_084_SRF_lt-0.22	TARA_084_SRF_lt-0.22	84	SRF	lt-0.22	Virus enriched	No	Yes	No	Yes
TARA_R100001377	SAMEA2621548	ERS491107	MetaG	TARA_085_DCM_lt-0.22	TARA_085_DCM_lt-0.22	85	DCM	lt-0.22	Virus enriched	Yes	Yes	No	Yes
TARA_R100001244	SAMEA2621564	ERS491123	MetaG	TARA_085_MES_lt-0.22	TARA_085_MES_lt-0.22	85	MES	lt-0.22	Virus enriched	No	Yes	No	Yes
TARA_R100001369	SAMEA2621528	ERS491063	MetaG	TARA_085_SRF_lt-0.22	TARA_085_SRF_lt-0.22	85	SRF	lt-0.22	Virus enriched	No	Yes	No	Yes
TARA_R100001443	SAMEA2622142	ERS491897	MetaG	TARA_100_DCM_lt-0.22	TARA_100_DCM_lt-0.22	100	DCM	lt-0.22	Virus enriched	No	Yes	No	No
TARA_R100001530	SAMEA2622166	ERS491930	MetaG	TARA_100_MES_lt-0.22	TARA_100_MES_lt-0.22	100	MES	lt-0.22	Virus enriched	No	Yes	No	No
TARA_R100001440	SAMEA2622112	ERS491851	MetaG	TARA_100_SRF_lt-0.22	TARA_100_SRF_lt-0.22	100	SRF	lt-0.22	Virus enriched	No	Yes	No	No
TARA_R100001463	SAMEA2622242	ERS492035	MetaG	TARA_102_DCM_lt-0.22	TARA_102_DCM_lt-0.22	102	DCM	lt-0.22	Virus enriched	No	Yes	No	No
TARA_R100001480	SAMEA2622212	ERS491995	MetaG	TARA_102_MES_lt-0.22	TARA_102_MES_lt-0.22	102	MES	lt-0.22	Virus enriched	No	Yes	No	No
TARA_R100001460	SAMEA2622190	ERS491955	MetaG	TARA_102_SRF_lt-0.22	TARA_102_SRF_lt-0.22	102	SRF	lt-0.22	Virus enriched	No	Yes	No	No
TARA_R100001509	SAMEA2622331	ERS492160	MetaG	TARA_109_SRF_lt-0.22	TARA_109_SRF_lt-0.22	109	SRF	lt-0.22	Virus enriched	Yes	Yes	No	No
TARA_R100001510	SAMEA2622357	ERS492198	MetaG	TARA_109_DCM_lt-0.22	TARA_109_DCM_lt-0.22	109	DCM	lt-0.22	Virus enriched	Yes	Yes	No	No
TARA_R100000655	SAMEA2622497	ERS492376	MetaG	TARA_111_DCM_lt-0.22	TARA_111_DCM_lt-0.22	111	DCM	lt-0.22	Virus enriched	No	Yes	No	No
TARA_R100000656	SAMEA2622517	ERS492399	MetaG	TARA_111_MES_lt-0.22	TARA_111_MES_lt-0.22	111	MES	lt-0.22	Virus enriched	No	Yes	No	No
TARA_R100000654	SAMEA2622473	ERS492342	MetaG	TARA_111_SRF_lt-0.22	TARA_111_SRF_lt-0.22	111	SRF	lt-0.22	Virus enriched	No	Yes	No	No
TARA_R100000664	SAMEA2622705	ERS492714	MetaG	TARA_122_DCM_lt-0.22	TARA_122_DCM_lt-0.22	122	DCM	lt-0.22	Virus enriched	No	Yes	No	No
TARA_R100000687	SAMEA2622685	ERS492692	MetaG	TARA_122_MES_lt-0.22	TARA_122_MES_lt-0.22	122	MES	lt-0.22	Virus enriched	No	Yes	No	No
TARA_R100000657	SAMEA2622667	ERS492657	MetaG	TARA_122_SRF_lt-0.22	TARA_122_SRF_lt-0.22	122	SRF	lt-0.22	Virus enriched	No	Yes	No	No
TARA_R100001594	SAMEA2622752	ERS492797	MetaG	TARA_123_MIX_lt-0.22	TARA_123_MIX_lt-0.22	123	MIX	lt-0.22	Virus enriched	No	Yes	No	No
TARA_R100001591	SAMEA2622725	ERS492748	MetaG	TARA_123_SRF_lt-0.22	TARA_123_SRF_lt-0.22	123	SRF	lt-0.22	Virus enriched	No	Yes	No	No
TARA_R100000700	SAMEA2622810	ERS492877	MetaG	TARA_124_MIX_lt-0.22	TARA_124_MIX_lt-0.22	124	MIX	lt-0.22	Virus enriched	No	Yes	No	No
TARA_R100000697	SAMEA2622788	ERS492843	MetaG	TARA_124_SRF_lt-0.22	TARA_124_SRF_lt-0.22	124	SRF	lt-0.22	Virus enriched	No	Yes	No	No
TARA_R100000808	SAMEA2622852	ERS492941	MetaG	TARA_125_MIX_lt-0.22	TARA_125_MIX_lt-0.22	125	MIX	lt-0.22	Virus enriched	No	Yes	No	No
TARA_R100000805	SAMEA2622832	ERS492903	MetaG	TARA_125_SRF_lt-0.22	TARA_125_SRF_lt-0.22	125	SRF	lt-0.22	Virus enriched	No	Yes	No	No
TARA_R100000742	SAMEA2623309	ERS493684	MetaG	TARA_137_DCM_lt-0.22	TARA_137_DCM_lt-0.22	137	DCM	lt-0.22	Virus enriched	No	Yes	No	No
TARA_R100000750	SAMEA2623327	ERS493718	MetaG	TARA_137_MES_lt-0.22	TARA_137_MES_lt-0.22	137	MES	lt-0.22	Virus enriched	No	Yes	No	No
TARA_R100000734	SAMEA2623290	ERS493651	MetaG	TARA_137_SRF_lt-0.22	TARA_137_SRF_lt-0.22	137	SRF	lt-0.22	Virus enriched	No	Yes	No	No
TARA_R100000781	SAMEA2623385	ERS493803	MetaG	TARA_138_DCM_lt-0.22	TARA_138_DCM_lt-0.22	138	DCM	lt-0.22	Virus enriched	No	Yes	No	No
TARA_R100000789	SAMEA2623403	ERS493835	MetaG	TARA_138_MES_lt-0.22	TARA_138_MES_lt-0.22	138	MES	lt-0.22	Virus enriched	No	Yes	No	No
TARA_R100000773	SAMEA2623365	ERS493767	MetaG	TARA_138_SRF_lt-0.22	TARA_138_SRF_lt-0.22	138	SRF	lt-0.22	Virus enriched	No	Yes	No	No
TARA_R110002012	SAMEA4396515	ERS1307964	MetaG	TARA_155_DCM_lt-0.22	TARA_155_DCM_lt-0.22	155	DCM	lt-0.22	Virus enriched	No	Yes	No	Yes
TARA_R110002020	SAMEA4396489	ERS1307938	MetaG	TARA_155_MES_lt-0.22	TARA_155_MES_lt-0.22	155	MES	lt-0.22	Virus enriched	No	Yes	No	Yes
TARA_R110002003	SAMEA4396441	ERS1307890	MetaG	TARA_155_SRF_lt-0.22	TARA_155_SRF_lt-0.22	155	SRF	lt-0.22	Virus enriched	No	Yes	No	Yes
TARA_R110002050	SAMEA4396988	ERS1308437	MetaG	TARA_158_DCM_lt-0.22	TARA_158_DCM_lt-0.22	158	DCM	lt-0.22	Virus enriched	No	Yes	No	Yes
TARA_R110002051	SAMEA4397023	ERS1308472	MetaG	TARA_158_MES_lt-0.22	TARA_158_MES_lt-0.22	158	MES	lt-0.22	Virus enriched	No	Yes	No	Yes
TARA_R110002049	SAMEA4396941	ERS1308390	MetaG	TARA_158_SRF_lt-0.22	TARA_158_SRF_lt-0.22	158	SRF	lt-0.22	Virus enriched	No	Yes	No	Yes
TARA_R110002060	SAMEA4397091	ERS1308540	MetaG	TARA_163_MES_lt-0.22	TARA_163_MES_lt-0.22	163	MES	lt-0.22	Virus enriched	No	Yes	No	Yes
TARA_R110002033	SAMEA4397051	ERS1308500	MetaG	TARA_163_SRF_lt-0.22	TARA_163_SRF_lt-0.22	163	SRF	lt-0.22	Virus enriched	No	Yes	No	Yes
TARA_R110002073	SAMEA4397174	ERS1308623	MetaG	TARA_168_DCM_lt-0.22	TARA_168_DCM_lt-0.22	168	DCM	lt-0.22	Virus enriched	No	Yes	No	Yes
TARA_R110002074	SAMEA4397215	ERS1308664	MetaG	TARA_168_IZZ_lt-0.22	TARA_168_IZZ_lt-0.22	168	IZZ	lt-0.22	Virus enriched	No	Yes	No	Yes
TARA_R110002072	SAMEA4397118	ERS1308567	MetaG	TARA_168_SRF_lt-0.22	TARA_168_SRF_lt-0.22	168	SRF	lt-0.22	Virus enriched	No	Yes	No	Yes
TARA_R110002096	SAMEA4397295	ERS1308744	MetaG	TARA_173_DCM_lt-0.22	TARA_173_DCM_lt-0.22	173	DCM	lt-0.22	Virus enriched	No	Yes	No	Yes
TARA_R110002095	SAMEA4397255	ERS1308704	MetaG	TARA_173_SRF_lt-0.22	TARA_173_SRF_lt-0.22	173	SRF	lt-0.22	Virus enriched	No	Yes	No	Yes
TARA_R110002094	SAMEA4397409	ERS1308858	MetaG	TARA_175_IZZ_lt-0.22	TARA_175_IZZ_lt-0.22	175	IZZ	lt-0.22	Virus enriched	No	Yes	No	Yes
TARA_R110002110	SAMEA4397330	ERS1308779	MetaG	TARA_175_SRF_lt-0.22	TARA_175_SRF_lt-0.22	175	SRF	lt-0.22	Virus enriched	No	Yes	No	Yes
TARA_R110002111	SAMEA4397363	ERS1308812	MetaG	TARA_175_ZZZ_lt-0.22	TARA_175_ZZZ_lt-0.22	175	ZZZ	lt-0.22	Virus enriched	No	Yes	No	Yes
TARA_R110002124	SAMEA4397445	ERS1308894	MetaG	TARA_178_SRF_lt-0.22	TARA_178_SRF_lt-0.22	178	SRF	lt-0.22	Virus enriched	No	Yes	No	Yes
TARA_R110000868	SAMEA4397489	ERS1308938	MetaG	TARA_180_SRF_lt-0.22	TARA_180_SRF_lt-0.22	180	SRF	lt-0.22	Virus enriched	No	Yes	No	Yes
TARA_R110002126	SAMEA4397536	ERS1308985	MetaG	TARA_180_ZZZ_lt-0.22	TARA_180_ZZZ_lt-0.22	180	ZZZ	lt-0.22	Virus enriched	No	Yes	No	Yes
TARA_R110000851	SAMEA4397627	ERS1309076	MetaG	TARA_188_DCM_lt-0.22	TARA_188_DCM_lt-0.22	188	DCM	lt-0.22	Virus enriched	No	Yes	No	Yes
TARA_R110000850	SAMEA4397586	ERS1309035	MetaG	TARA_188_SRF_lt-0.22	TARA_188_SRF_lt-0.22	188	SRF	lt-0.22	Virus enriched	No	Yes	No	Yes
TARA_R110000823	SAMEA4397722	ERS1309171	MetaG	TARA_189_DCM_lt-0.22	TARA_189_DCM_lt-0.22	189	DCM	lt-0.22	Virus enriched	No	Yes	No	Yes
TARA_R110000824	SAMEA4397747	ERS1309196	MetaG	TARA_189_MES_lt-0.22	TARA_189_MES_lt-0.22	189	MES	lt-0.22	Virus enriched	No	Yes	No	Yes
TARA_R110000822	SAMEA4397666	ERS1309115	MetaG	TARA_189_SRF_lt-0.22	TARA_189_SRF_lt-0.22	189	SRF	lt-0.22	Virus enriched	No	Yes	No	Yes
TARA_R110000803	SAMEA4397772	ERS1309221	MetaG	TARA_191_SRF_lt-0.22	TARA_191_SRF_lt-0.22	191	SRF	lt-0.22	Virus enriched	No	Yes	No	Yes
TARA_R110000796	SAMEA4397815	ERS1309264	MetaG	TARA_193_SRF_lt-0.22	TARA_193_SRF_lt-0.22	193	SRF	lt-0.22	Virus enriched	No	Yes	No	Yes
TARA_R110000787	SAMEA4397920	ERS1309369	MetaG	TARA_194_DCM_lt-0.22	TARA_194_DCM_lt-0.22	194	DCM	lt-0.22	Virus enriched	No	Yes	No	Yes
TARA_R110000782	SAMEA4397859	ERS1309308	MetaG	TARA_194_SRF_lt-0.22	TARA_194_SRF_lt-0.22	194	SRF	lt-0.22	Virus enriched	No	Yes	No	Yes
TARA_R110000772	SAMEA4397948	ERS1309397	MetaG	TARA_196_SRF_lt-0.22	TARA_196_SRF_lt-0.22	196	SRF	lt-0.22	Virus enriched	No	Yes	No	Yes
TARA_R110000744	SAMEA4398083	ERS1309532	MetaG	TARA_201_DCM_lt-0.22	TARA_201_DCM_lt-0.22	201	DCM	lt-0.22	Virus enriched	No	Yes	No	Yes
TARA_R110000751	SAMEA4398001	ERS1309450	MetaG	TARA_201_MES_lt-0.22	TARA_201_MES_lt-0.22	201	MES	lt-0.22	Virus enriched	No	Yes	No	Yes
TARA_R110000737	SAMEA4398027	ERS1309476	MetaG	TARA_201_SRF_lt-0.22	TARA_201_SRF_lt-0.22	201	SRF	lt-0.22	Virus enriched	No	Yes	No	Yes
TARA_R110000765	SAMEA4398168	ERS1309617	MetaG	TARA_205_MES_lt-0.22	TARA_205_MES_lt-0.22	205	MES	lt-0.22	Virus enriched	No	Yes	No	Yes
TARA_R110000764	SAMEA4398111	ERS1309560	MetaG	TARA_205_SRF_lt-0.22	TARA_205_SRF_lt-0.22	205	SRF	lt-0.22	Virus enriched	No	Yes	No	Yes
TARA_R110002167	SAMEA4398238	ERS1309687	MetaG	TARA_206_MES_lt-0.22	TARA_206_MES_lt-0.22	206	MES	lt-0.22	Virus enriched	No	Yes	No	Yes
TARA_R110002153	SAMEA4398193	ERS1309642	MetaG	TARA_206_SRF_lt-0.22	TARA_206_SRF_lt-0.22	206	SRF	lt-0.22	Virus enriched	No	Yes	No	Yes
TARA_R110001632	SAMEA4398266	ERS1309715	MetaG	TARA_208_SRF_lt-0.22	TARA_208_SRF_lt-0.22	208	SRF	lt-0.22	Virus enriched	No	Yes	No	Yes
TARA_R110001599	SAMEA4398360	ERS1309809	MetaG	TARA_209_MES_lt-0.22	TARA_209_MES_lt-0.22	209	MES	lt-0.22	Virus enriched	No	Yes	No	Yes
TARA_R110001606	SAMEA4398315	ERS1309764	MetaG	TARA_209_SRF_lt-0.22	TARA_209_SRF_lt-0.22	209	SRF	lt-0.22	Virus enriched	No	Yes	No	Yes
TARA_R110001583	SAMEA4398432	ERS1309881	MetaG	TARA_210_MES_lt-0.22	TARA_210_MES_lt-0.22	210	MES	lt-0.22	Virus enriched	No	Yes	No	Yes
TARA_R110001592	SAMEA4398387	ERS1309836	MetaG	TARA_210_SRF_lt-0.22	TARA_210_SRF_lt-0.22	210	SRF	lt-0.22	Virus enriched	No	Yes	No	Yes
